PC,ExpVarRatios
PC1,0.827266591614251
PC2,0.08634359773170305
PC3,0.055587098170652535
PC4,0.03080271248339341
