PC_range,ExpVarRatioCumSum
PC1,0.827266591614251
PC1-PC2,0.9136101893459541
PC1-PC3,0.9691972875166066
PC1-PC4,1.0
