nodeID,numGenes,log2(numGenes)
n1,107,6.741466986401147
n2,59,5.882643049361842
n3,36,5.169925001442312
n4,25,4.643856189774724
n5,14,3.807354922057604
n6,4,2.0
